month,weight,percent
1,280795,0.010582672818444721
2,253680,0.010558499154795639
3,280764,0.010578460931217585
4,271508,0.010543791990433742
5,281793,0.01061758502643686
6,272430,0.010581482014180032
7,281130,0.010590747311655596
8,281438,0.010606154077717237
9,272183,0.01057159303116834
10,280766,0.010581652441452311
11,272186,0.01057073486386702
12,281585,0.010608875656223676
